{
    "test2": {
        "left": 30.6945,
        "top": 2.36112
    },
    "test": {
        "left": 3.19444,
        "top": 6.18056
    }
}